Index,Distance,Label
0,0.0,\Gamma
1,0.009953053088471655,
2,0.01990612528681747,
3,0.029859178375289126,
4,0.03981223146376078,
5,0.04976530366210659,
6,0.059718356750578246,
7,0.06967140983904989,
8,0.07962448203739572,
9,0.08957753512586737,
10,0.09953058821433902,
11,0.10948366041268486,
12,0.1194367135011565,
13,0.12938976658962814,
14,0.139342838787974,
15,0.14929589187644562,
16,0.1592489449649173,
17,0.1692020171632631,
18,0.17915507025173474,
19,0.1891081233402064,
20,0.19906119553855223,
21,0.20901424862702386,
22,0.21896730171549553,
23,0.22892037391384135,
24,0.238873427002313,
25,0.24882648009078467,
26,0.2587795522891304,
27,0.26873260537760213,
28,0.2786856584660738,
29,0.2886387306644196,
30,0.29859178375289125,
31,0.30854483684136297,
32,0.31849790903970876,
33,0.3284509621281804,
34,0.3384040152166521,
35,0.3483570874149979,
36,0.35831014050346954,
37,0.3682631935919412,
38,0.378216265790287,
39,0.38816931887875866,
40,0.3981223719672303,
41,0.4080754441655761,
42,0.41802849725404784,
43,0.4279815503425195,
44,0.4379346225408653,
45,0.44788767562933696,
46,0.4578407287178086,
47,0.4677938009161544,
48,0.4777468540046261,
49,0.4876999070930977,
50,0.4976529792914436,
51,0.5076060323799152,
52,0.5175590854683868,
53,0.5275121576667327,
54,0.5374652107552043,
55,0.5474182638436759,
56,0.5573713360420217,
57,0.5673243891304933,
58,0.5772774422189649,
59,0.5872305144173108,
60,0.5971835675057824,
61,0.6071366205942541,
62,0.6170896927926,
63,0.6270427458810716,
64,0.6369957989695433,
65,0.6469488711678891,
66,0.6569019242563608,
67,0.6668549773448325,
68,0.6768080495431783,
69,0.68676110263165,
70,0.6967141557201216,
71,0.7066672279184675,
72,0.7166202810069391,
73,0.7265733340954108,
74,0.7365264062937567,
75,0.7464794593822283,
76,0.7564325124706999,
77,0.7663855846690457,
78,0.7763386377575174,
79,0.786291690845989,
80,0.7962447630443349,
81,0.8061978161328065,
82,0.8161508692212782,
83,0.8261039414196241,
84,0.8360569945080957,
85,0.8460100475965674,
86,0.8559631197949132,
87,0.865916172883385,
88,0.8758692259718566,
89,0.8858222981702024,
90,0.8957753512586741,
91,0.9057284043471457,
92,0.9156814765454916,
93,0.9256345296339632,
94,0.9355875827224349,
95,0.9455406549207808,
96,0.9554937080092524,M
97,0.9554937080092524,M
98,0.9653446806325511,
99,0.9751956532558498,
100,0.9850466258791485,
101,0.9948975985024472,
102,1.004748571125746,
103,1.014599560298686,
104,1.0244505329219846,
105,1.0343015055452833,
106,1.044152478168582,
107,1.0540034507918807,
108,1.0638544234151983,
109,1.073705396038497,
110,1.0835563686617957,
111,1.0934073412850944,
112,1.1032583139083931,
113,1.113109303081333,
114,1.1229602757046317,
115,1.1328112483279305,
116,1.1426622209512292,
117,1.1525131935745279,
118,1.1623641661978266,
119,1.1722151388211253,
120,1.182066111444424,
121,1.1919170840677227,
122,1.2017680566910214,
123,1.21161902931432,
124,1.22147001848726,
125,1.2313209911105587,
126,1.2411719637338574,
127,1.2510229363571561,
128,1.2608739089804548,
129,1.2707248816037724,
130,1.280575854227071,
131,1.2904268268503698,
132,1.3002777994736685,
133,1.3101287720969672,
134,1.3199797612699071,
135,1.3298307338932058,
136,1.3396817065165045,
137,1.3495326791398032,
138,1.359383651763102,
139,1.3692346243864006,
140,1.3790855970096993,
141,1.3889365696329983,
142,1.398787542256297,
143,1.4086385148795957,
144,1.4184894875028946,
145,1.4283404766758343,
146,1.438191449299133,
147,1.4480424219224317,
148,1.4578933945457304,
149,1.4677443671690291,
150,1.4775953397923467,
151,1.4874463124156456,
152,1.4972972850389443,
153,1.507148257662243,K
154,1.507148257662243,K
155,1.5170879692848183,
156,1.5270276809073935,
157,1.5369674256292416,
158,1.5469071372518168,
159,1.5568468488743923,
160,1.5667865604969675,
161,1.5767263052188156,
162,1.5866660168413909,
163,1.596605728463966,
164,1.6065454731858142,
165,1.6164851848083894,
166,1.6264248964309647,
167,1.6363646411528125,
168,1.6463043527753878,
169,1.656244064397963,
170,1.6661837760205382,
171,1.6761235207423864,
172,1.6860632323649616,
173,1.696002943987537,
174,1.705942688709385,
175,1.7158824003319604,
176,1.7258221119545354,
177,1.7357618566763837,
178,1.745701568298959,
179,1.7556412799215342,
180,1.7655809915441096,
181,1.7755207362659575,
182,1.785460447888533,
183,1.7954001595111082,
184,1.8053399042329563,
185,1.8152796158555318,
186,1.825219327478107,
187,1.835159072199955,
188,1.8450987838225303,
189,1.8550384954451056,
190,1.864978207067681,
191,1.874917951789529,
192,1.8848576634121041,
193,1.8947973750346794,
194,1.9047371197565275,
195,1.9146768313791027,
196,1.924616543001678,
197,1.934556287723526,
198,1.9444959993461013,
199,1.9544357109686765,
200,1.9643754225912518,
201,1.9743151673130996,
202,1.9842548789356749,
203,1.99419459055825,
204,2.004134335280098,
205,2.014074046902673,
206,2.0240137585252485,
207,2.033953503247097,
208,2.043893214869672,
209,2.0538329264922472,
210,2.0637726381148225,
211,2.0737123828366704,
212,2.0836520944592456,
213,2.093591806081821,
214,2.1035315508036687,
215,2.113471262426244,
216,2.123410974048819,
217,2.133350718770667,
218,2.1432904303932423,
219,2.1532301420158175,
220,2.1631698536383928,
221,2.1731095983602406,
222,2.183049309982816,
223,2.192989021605391,
224,2.202928766327239,
225,2.2128684779498142,
226,2.2228081895723895,
227,2.2327479342942373,
228,2.2426876459168126,
229,2.252627357539388,
230,2.262567069161963,
231,2.272506813883811,
232,2.282446525506386,
233,2.2923862371289614,
234,2.3023259818508093,
235,2.3122656934733845,
236,2.3222054050959597,
237,2.3321451498178076,
238,2.342084861440383,
239,2.352024573062958,
240,2.3619642846855333,
241,2.371904029407381,
242,2.3818437410299564,
243,2.3917834526525317,
244,2.4017231973743796,
245,2.411662908996955,
246,2.42160262061953,
247,2.431542365341378,
248,2.441482076963953,
249,2.4514217885865284,
250,2.4613615002091036,
251,2.4713012449309515,
252,2.4812409565535267,
253,2.491180668176102,
254,2.50112041289795,
255,2.511060124520525,
256,2.5209998361431003,
257,2.530939580864948,
258,2.5408792924875234,
259,2.5508190041100987,
260,2.560758715732674,
261,2.5706984604545218,
262,2.580638172077097,
263,2.5905778836996722,
264,2.60051762842152,
265,2.6104573400440954,\Gamma
266,2.6104573400440954,\Gamma
267,2.620011677495926,
268,2.6295660149477564,
269,2.639120352399587,
270,2.6486746898514175,
271,2.658229027303248,
272,2.6677833647550786,
273,2.677337702206909,
274,2.6868920396587397,
275,2.6964463771105702,
276,2.7060007145624008,
277,2.7155550520142313,
278,2.725109389466062,
279,2.7346637269178924,
280,2.744218064369723,
281,2.7537724018215535,
282,2.763326739273384,
283,2.7728810767252146,
284,2.782435414177045,
285,2.7919897516288756,
286,2.801544089080706,A
287,2.801544089080706,A
288,2.811497142169178,
289,2.8214502143675237,
290,2.8314032674559955,
291,2.841356320544467,
292,2.851309392742813,
293,2.8612624458312848,
294,2.8712154989197565,
295,2.8811685711181023,
296,2.891121624206574,
297,2.9010746772950458,
298,2.9110277494933916,
299,2.9209808025818633,
300,2.930933855670335,
301,2.940886927868681,
302,2.9508399809571526,
303,2.9607930340456243,
304,2.97074610624397,
305,2.980699159332442,
306,2.9906522124209136,
307,3.0006052846192595,
308,3.010558337707731,
309,3.020511390796203,
310,3.0304644629945487,
311,3.0404175160830205,
312,3.050370569171492,
313,3.060323641369838,
314,3.0702766944583098,
315,3.0802297475467815,
316,3.0901828197451273,
317,3.100135872833599,
318,3.1100889259220708,
319,3.1200419981204166,
320,3.1299950512088883,
321,3.13994810429736,
322,3.149901176495706,
323,3.1598542295841776,
324,3.1698072826726493,
325,3.179760354870995,
326,3.189713407959467,
327,3.1996664610479386,
328,3.2096195332462845,
329,3.219572586334756,
330,3.229525639423228,
331,3.2394787116215737,
332,3.2494317647100455,
333,3.259384817798517,
334,3.269337889996863,
335,3.2792909430853348,
336,3.2892439961738065,
337,3.2991970683721523,
338,3.309150121460624,
339,3.3191031745490958,
340,3.3290562467474416,
341,3.3390092998359133,
342,3.348962352924385,
343,3.358915425122731,
344,3.3688684782112026,
345,3.3788215312996743,
346,3.38877460349802,
347,3.398727656586492,
348,3.4086807096749636,
349,3.4186337818733095,
350,3.428586834961781,
351,3.438539888050253,
352,3.4484929602485987,
353,3.4584460133370705,
354,3.468399066425542,
355,3.478352138623888,
356,3.4883051917123598,
357,3.4982582448008315,
358,3.5082113169991773,
359,3.518164370087649,
360,3.5281174231761208,
361,3.5380704953744666,
362,3.5480235484629383,
363,3.55797660155141,
364,3.567929673749756,
365,3.5778827268382276,
366,3.5878357799266993,
367,3.597788852125045,
368,3.607741905213517,
369,3.6176949583019886,
370,3.6276480305003345,
371,3.637601083588806,
372,3.647554136677278,
373,3.6575072088756237,
374,3.6674602619640955,
375,3.677413315052567,
376,3.687366387250913,
377,3.6973194403393848,
378,3.7072724934278565,
379,3.7172255656262023,
380,3.727178618714674,
381,3.7371316718031458,
382,3.7470847440014916,
383,3.7570377970899633,L
384,3.7570377970899633,L
385,3.7668887697132623,
386,3.7767397423365607,
387,3.7865907149598597,
388,3.7964416875831586,
389,3.8062926602064575,
390,3.816143649379397,
391,3.8259946220026957,
392,3.8358455946259946,
393,3.8456965672492935,
394,3.855547539872592,
395,3.8653985124959096,
396,3.8752494851192085,
397,3.8851004577425075,
398,3.894951430365806,
399,3.904802402989105,
400,3.9146533921620446,
401,3.924504364785343,
402,3.934355337408642,
403,3.944206310031941,
404,3.9540572826552394,
405,3.9639082552785383,
406,3.9737592279018368,
407,3.9836102005251353,
408,3.993461173148434,
409,4.003312145771733,
410,4.013163118395031,
411,4.023014107567971,
412,4.03286508019127,
413,4.042716052814568,
414,4.052567025437867,
415,4.062417998061165,
416,4.072268970684482,
417,4.082119943307781,
418,4.091970915931079,
419,4.101821888554378,
420,4.111672861177676,
421,4.121523850350616,
422,4.131374822973915,
423,4.141225795597213,
424,4.151076768220512,
425,4.16092774084381,
426,4.170778713467109,
427,4.180629686090407,
428,4.190480658713706,
429,4.200331631337004,
430,4.210182603960303,
431,4.220033576583601,
432,4.229884565756541,
433,4.23973553837984,
434,4.249586511003138,
435,4.259437483626437,
436,4.269288456249735,
437,4.279139428873052,
438,4.288990401496351,
439,4.298841374119649,
440,4.308692346742948,H
441,4.308692346742948,H
442,4.318632058365523,
443,4.328571769988098,
444,4.338511514709946,
445,4.3484512263325215,
446,4.358390937955097,
447,4.368330649577672,
448,4.37827039429952,
449,4.388210105922095,
450,4.39814981754467,
451,4.408089562266518,
452,4.418029273889093,
453,4.427968985511669,
454,4.4379087302335165,
455,4.447848441856092,
456,4.457788153478667,
457,4.467727865101242,
458,4.47766760982309,
459,4.487607321445665,
460,4.4975470330682406,
461,4.507486777790088,
462,4.517426489412664,
463,4.527366201035239,
464,4.537305945757087,
465,4.547245657379662,
466,4.557185369002237,
467,4.5671250806248125,
468,4.57706482534666,
469,4.587004536969236,
470,4.596944248591811,
471,4.606883993313659,
472,4.616823704936234,
473,4.626763416558809,
474,4.636703161280657,
475,4.646642872903232,
476,4.6565825845258075,
477,4.666522296148383,
478,4.676462040870231,
479,4.686401752492806,
480,4.696341464115381,
481,4.706281208837229,
482,4.716220920459804,
483,4.7261606320823795,
484,4.736100376804227,
485,4.746040088426803,
486,4.755979800049378,
487,4.765919511671953,
488,4.775859256393801,
489,4.785798968016376,
490,4.795738679638951,
491,4.805678424360799,
492,4.8156181359833745,
493,4.82555784760595,
494,4.835497592327798,
495,4.845437303950373,
496,4.855377015572948,
497,4.865316727195523,
498,4.875256471917371,
499,4.8851961835399464,
500,4.895135895162522,
501,4.90507563988437,
502,4.915015351506945,
503,4.92495506312952,
504,4.934894807851368,
505,4.944834519473943,
506,4.954774231096518,
507,4.964713942719094,
508,4.9746536874409415,
509,4.984593399063517,
510,4.994533110686092,
511,5.00447285540794,
512,5.014412567030515,
513,5.02435227865309,
514,5.034292023374938,
515,5.044231734997513,
516,5.054171446620089,
517,5.064111158242664,
518,5.074050902964512,
519,5.083990614587087,
520,5.093930326209662,
521,5.10387007093151,
522,5.113809782554085,
523,5.123749494176661,
524,5.1336892388985085,
525,5.143628950521084,
526,5.153568662143659,
527,5.163508373766234,
528,5.173448118488082,
529,5.183387830110657,
530,5.1933275417332325,
531,5.20326728645508,
532,5.213206998077656,
533,5.223146709700231,
534,5.233086454422079,
535,5.243026166044654,
536,5.252965877667229,
537,5.2629055892898045,
538,5.272845334011652,
539,5.282785045634228,
540,5.292724757256803,
541,5.302664501978651,
542,5.312604213601226,
543,5.322543925223801,
544,5.332483669945649,
545,5.342423381568224,
546,5.3523630931907995,
547,5.362302804813375,
548,5.372242549535223,
549,5.382182261157798,
550,5.392121972780373,
551,5.402061717502221,
552,5.412001429124796,A
553,6.367495137134048,L
554,6.377049474585879,
555,6.386603812037709,
556,6.39615814948954,
557,6.40571248694137,
558,6.415266824393201,
559,6.424821161845031,
560,6.434375499296862,
561,6.443929836748692,
562,6.453484174200523,
563,6.463038511652353,
564,6.472592849104184,
565,6.4821471865560145,
566,6.491701524007845,
567,6.501255861459676,
568,6.510810198911506,
569,6.520364536363337,
570,6.529918873815167,
571,6.539473211266998,
572,6.549027548718828,
573,6.558581886170659,M
574,7.110236435823571,K
575,7.119790773275401,
576,7.129345110727232,
577,7.138899448179062,
578,7.148453785630893,
579,7.158008123082723,
580,7.167562460534554,
581,7.177116797986384,
582,7.186671135438215,
583,7.196225472890045,
584,7.205779810341876,
585,7.2153341477937065,
586,7.224888485245537,
587,7.234442822697368,
588,7.243997160149198,
589,7.253551497601029,
590,7.263105835052859,
591,7.27266017250469,
592,7.28221450995652,
593,7.291768847408351,
594,7.301323184860181,H
